Redis pour les nuls; http://www.foo.org/articles/1;33
Docker pour les nuls; http://www.foo.org/articles/2;35
Python pour les nuls; http://www.foo.org/articles/3;1
Business Intelligence; http://www.foo.org/articles/4;57
REACT pour les nuls; http://www.foo.org/articles/5;89
Cassandra pour les nuls; http://www.foo.org/articles/6;32
PySpark pour les nuls; http://www.foo.org/articles/7;13
Hadoop l'éléphant; http://www.foo.org/articles/8;85
Qui est le data scientist à 5 pattes ?; http://www.foo.org/articles/9;27
Prompt Engineer: un métier d'avenir; http://www.foo.org/articles/10;21
MaineCoonGPT 3.5; http://www.foo.org/articles/11;68
Le crumble aux pommes; http://www.foo.org/articles/12;47
Cookies aux pépites de chocolat et au miel; http://www.foo.org/articles/13;89
CSV, un format d'avenir; http://www.foo.org/articles/14;97
Les clémentines contiennent de la vitamine C; http://www.foo.org/articles/15;82
L'encre numérique: que contient-elle?; http://www.foo.org/articles/16;88
Les coulisses du spectacle; http://www.foo.org/articles/17;75
L'homme le plus riche du Luxembourg; http://www.foo.org/articles/18;75
Sophie la girafe et ses amis; http://www.foo.org/articles/19;51
Coucou poussin; http://www.foo.org/articles/20;33
